name,1,2,3
Sam Rosario,Casey Quinn,Sky Park,Casey Parker
Dakota Jamie,Kennedy Gardner,Xin Wei,Tatum Olivo
Lei Shen,Jin Tao,Carmen Rivera,Tatum Cook
Lian Cai,Logan Alonso,Peyton Morgan,Song Liu
Sydney Ford,Cameron Diaz,Tatum Avery,Chen Wang
Dakota Cuenca,Charlie King,Ariel Rojas,Quan Jiang
Lan Xing,Charlie King,Casey Quinn,Kai Castillo
Casey Rodríguez,Quinn Simmons,Jin Tao,Shiloh Román
Peyton Ross,Bao Yu,Marley Núñez,Cameron Sawyer
Logan Alonso,London Pierce,Lian Cai,Jordan Ellis
Kazumi Kato,Taylor Carter,Charlie Dale,Chen Wang
Reese Kennedy,Rowan Dakota,Robin Navarro ,Paris Payne
Lin Ouyang,Shawn Kennedy,Pat Kelly,Ryoji Nishimura
Quinn Casey,Jesse Tyler,Terry Marshall,Ai Nguyen
Skye Morgan,Robin Moore,Jules Muñoz,Hiro Lee
Devin Vargas,Avery Medina,Milan Ward,Kai Zhang
Kendall Green,Alexis Ponce,Ai Nguyen,Frankie Cohen
Adrian Quinn,Ellery Aguirre,Kei Wong,Shiloh Griffin
Skylar Reese,Robin Skyler,Nuo Zhang,Adrian Fernandez
Morgan López,Drew Emerson,Jie Huang,Dylan Ortiz
Takumi Saito,Paris Payne,Hayden Riley,Shiloh Román
Reese Taylor,Rui Feng,Taylor Madison,Pat Kelly
Tao Pan,Jody Cameron,Spencer Vázquez,Presley Fisher
Quinn Lim,Angel Douglas,Fen Ling,Blake Morgan
Yuki Kimura,Riley Garcia,Remy Howard,Takumi Saito
Kei Wong,Ariel Rojas,Frankie Cohen,Sky Park
Riley Jordan,Hollis Bennett,Yuki Kimura,Charlie Dale
Chen Wang,Devon Jesse,Kazumi Kato,Dylan Ortiz
Sky Diaz,Ellery Aguirre,Reese Nelson,Rio Kwon
Taylor Martínez,Robin Moore,August Ortiz,Ren Hayashi
Skyler Jamie,Fen Ling,London Pierce,Skye Morgan
Rowan Ramos,Robin Navarro,Paris Payne,Han Zhou
Nuo Zhang,Skylar Reese,Jaime Mendoza,Lennon Spencer
Jordan Sánchez,Morgan Quinn,Akira Kobayashi,Angel Reyes
River Edwards,Angel Douglas,Dylan Ortiz,Rio Kwon
Jordan Thompson,Drew Ellis,Yue Sun,Toby Estrada   
Ling Liang,Xin Wei,Shiloh Griffin,Jamie Sydney
Remy Howard,Logan Pacheco,Eden Lynch,Sawyer Hayden
Lennon Spencer,Sasha Pérez,Sawyer Stone,Nuo Zhang
Alex Finley,Blair Méndez,Hayden Riley,Tyler James
Reese Ochoa,Harley Gray,Toby Estrada,Liang Xu
Dan Tang,Phoenix Campos,Minh Quang,Casey Parker
Shawn Kennedy,Jordan Avery,Lin Ouyang,Shannon Lee
Micah Solís,Guang Shi,Riley Garcia,Dallas Quinn
Erin Monroe,Alexis Ponce,Rio Kwon,Lennon Spencer
Marley Núñez,Tatum Olivo,Peyton Ross,Cameron Dale
Alexis Johnson,Pat Kelly,Jules Muñoz,Jody Cameron
Robin Navarro,Sage Watson,Shan Gao,Reese Kennedy
An Dang,Nuo Zhang,Harley Velásquez,Tatum Avery
Taylor Madison,Reese Taylor,Eden Lynch,Sky Diaz
Morgan Avery,Dakota Murphy,Morgan Ibarra,Dakota Emerson
Phoenix Campos,Tatum Cook,Dan Tang,Jesse Villegas
Akira Kobayashi,Harley Gray,Robin Skyler,Jordan Sánchez
Jules Lane,August Ortiz,Sora Ito,Tyler James
Minh Quang,Blair Méndez,Harley Jordan,Adrian Bell
Yan Li,Morgan Bailey,Emerson Guerrero,Shan Gao
London Pierce,Adrian Bell,Logan Alonso,Liang Xu
Shawn Aguilar,Pei Lu,Kennedy Gardner,Logan Alonso
Peyton Morgan,Casey Quinn,Phoenix Campos,Dylan Brooks
Fen Ling,Skyler Jamie,Lane Cervantes,Dakota Murphy
Sky Park,Kei Wong,Morgan Quinn,Indiana Hodge
Shiloh Román,Eden Lynch,Casey Rodríguez,Avery Parker
Kennedy Gardner,Xin Wei,Shawn Aguilar,Charlie King
Jie Huang,Sora Ito,Morgan López,Sawyer Stone
Sasha Pérez,Morgan Ibarra,Lennon Spencer,Sage Jesse
Hayden Riley,Taylor Carter,Takumi Saito,Alex Finley
Milan Ward,Harley Gray,Jesse Tyler,Devin Vargas
Cameron Ruiz,Devin Long,Briar Rosales,Rui Feng
Han Zhou,Eden Lynch,Bao Yu,Rowan Ramos
Riley Garcia,Micah Solís,Yuki Kimura,Skyler Walker
Indiana Hodge,Riley Harrison,Sky Park,Drew Gutiérrez
Sawyer Cameron,Stevie Richards,Avery Jordan,Jesse Villegas
Dylan Ortiz,River Edwards,Morgan López,Skyler Taylor
Jules Muñoz,Jessie Soto,Alexis Johnson,Skye Morgan
Pat Kelly,Lin Ouyang,Alexis Johnson,Charlie Vega
Dale Devon,Jules Lane,Song Liu,Briar Rosales
Shiloh Griffin,Phoenix Adams,Ling Liang,Adrian Quinn
Dallas Wright,Morgan Bailey,Dakota Emerson,Morgan Ibarra
Spencer Vázquez,Alexis Ponce,Finley Blake,Shiloh Griffin
Dai Chen,Adrian Fernandez,Drew Ellis,Jordan Casey
Jamie Ellis,Jessie Soto,Bao Yu,Quinn Simmons
Song Liu,Justice Fletcher,Lian Cai,Quinn Morales
Blair Méndez,Carmen Rivera,Alex Finley,Minh Quang
Harley Gray,Akira Kobayashi,Milan Ward,Kendall Reese
Avery Jordan,Sawyer Stone,Jin Tao,Lane Cervantes
Emerson Taylor,Erin Monroe,Shan Gao,River Edwards
Marley Hamilton,Terry Marshall,Sage Jesse,Pat Morgan
Logan Pacheco,Riley Jordan,Remy Howard,Quinn Lim
Tatum Olivo,Xin Wei,Marley Núñez,Rory Burke
Dakota Emerson,Dallas Wright,Yan Li,Morgan Avery
Dominique Salazar,Ai Nguyen,Hollis Bennett,Drew Gutiérrez
Wen Zhao,Rowan Dakota,Jesse Villegas,Tyler James
Kyo Chou,Wen Zhao,Pat Morgan,Dallas Wright
Paris Payne,Reese Kennedy,Rowan Ramos,Taylor Carter
Ren Hayashi,Taylor Martínez,Jamie Williams,Jordan Ellis
Harley Velásquez,Sam Rosario,Morgan Bailey,Tatum Avery
Sawyer Hayden,Angel Reyes,Remy Howard,Jamie Sydney
Lane Cervantes,Dakota Murphy,Fen Ling,Avery Jordan
Skyler Walker,Lian Cai,Rowan Skyler,Sage Watson
Hollis Bennett,Dominique Salazar,Riley Jordan,Dylan Brooks
Quan Jiang,Dakota Cuenca,Akira Kobayashi,Taylor Madison
Jin Tao,Casey Rodríguez,Avery Jordan,Alexis Johnson
Guang Shi,Micah Solís,Ren Hayashi,Sage Jesse
Skyler Taylor,Sage Jesse,Dylan Ortiz,Frankie Cohen
Jamie Austin,Carmen Rivera,Jordan Casey,Pei Lu
Charlie Vega,Rin Tanaka,Kai Castillo,Pat Kelly
Cameron Sawyer,Harley Jordan,Liang Xu,Peyton Ross
Sai Cheung,Rory Burke,Marley Núñez,Skyler Taylor
Sawyer Stone,Lennon Spencer,Avery Jordan,Ariel Rojas
Frankie Cohen,Kei Wong,Kendall Green,Jessie Soto
Stevie Richards,Angel Reyes,Rin Tanaka,Devin Long
Avery Medina,Taylor Carter,Bao Yu,Rowan Dakota
Liang Xu,London Pierce,Ai Nguyen,Reese Ochoa
Sora Ito,Ellery Aguirre,Reese Kennedy,Jules Lane
Bao Yu,Peyton Ross,Avery Medina,Jamie Ellis
Huan Zheng,Shannon Lee,Jessie Soto,Avery Parker
Kendall Reese,Ming Ho,Harley Gray,Ariel Morgan
Alexis Ponce,Yue Sun,Kendall Green,Erin Monroe
Riley Harrison,Shan Gao,Jaime Mendoza,Indiana Hodge
Adrian Fernandez,Dai Chen,Justice Fletcher,Logan Pacheco
Jamie Sydney,Casey Rodríguez,Ling Liang,Phoenix Adams
Rui Feng,Quinn Simmons,Reese Taylor,Chi Ming
Adrian Bell,London Pierce,Minh Quang,Jordan Casey
Blake Morgan,Casey Parker,Adrian Quinn,Quinn Lim
Cameron Dale,Marley Núñez,Dan Tang,Dale Devon
Eden Lynch,Remy Howard,Shiloh Román,Taylor Madison
Morgan Ibarra,Dallas Wright,Sasha Pérez,Ming Ho
Jordan Ellis,Logan Alonso,Tatum Avery,Reese Nelson
Pei Lu,Shawn Aguilar,Yu Yan,Marley Hamilton
Kai Zhang,Devin Long,Ming Ho,Ariel Morgan
Jordan Casey,Drew Gutiérrez,Dai Chen,Adrian Bell
Sage Jesse,Marley Hamilton,Skyler Taylor,Sasha Pérez
Tatum Cook,Lei Shen,Presley Fisher,Skylar Reese
Casey Parker,Shannon Lee,Dan Tang,Sam Rosario
Jamie Williams,Rory Burke,Kai Castillo,Ren Hayashi
Cameron Diaz,Ellery Aguirre,Sydney Ford,Dallas Quinn
Jesse Villegas,Angel Douglas,Phoenix Campos,Wen Zhao
Avery Parker,Shiloh Román,Jody Cameron,Huan Zheng
Robin Skyler,Akira Kobayashi,Taylor Martínez,Jamie Williams
Dakota Murphy,Robin Moore,Lane Cervantes,Fen Ling
Alex Torres,Jaime Mendoza,Sydney Ford,Ling Liang
Devon Jesse,Charlie King,Chen Wang,Drew Emerson
Phoenix Adams,Shiloh Griffin,Ming Ho,Quinn Morales
Angel Douglas,River Edwards,Harley Jordan,Quinn Lim
Presley Fisher,Carmen Rivera,Jamie Austin,Tao Pan
Tien Ding,Terry Marshall,Rowan Skyler,Rin Tanaka
Drew Ellis,Jordan Thompson,Blair Méndez,Casey Quinn
Xin Wei,Ling Liang,Tatum Olivo,Dakota Jamie
Yue Sun,Alexis Ponce,Jordan Thompson,Tao Pan
Chi Ming,Sasha Pérez,Sawyer Hayden,Hollis Bennett
Rio Kwon,Sky Diaz,River Edwards,Sai Cheung
Ellery Aguirre,Sora Ito,Sky Diaz,Adrian Quinn
Tatum Avery,Sydney Ford,Jordan Ellis,An Dang
Hiro Lee,Toby Estrada,Skye Morgan,Lan Xing
Quinn Simmons,Casey Rodríguez,Rui Feng,Jamie Ellis
Briar Rosales,Kazumi Kato,Dale Devon,Cameron Ruiz
Drew Emerson,Morgan Bailey,Devon Jesse,Morgan López
Shannon Lee,Casey Parker,Huan Zheng,Shawn Kennedy
Jody Cameron,Shawn Aguilar,Tao Pan,Alexis Johnson
Yu Yan,Jordan Avery,Robin Moore,Drew Gutiérrez
Dallas Quinn,Yue Sun,Jamie Ellis,Cameron Diaz
Finley Blake,Spencer Vázquez,Rin Tanaka,Devin Long
Morgan Bailey,Dallas Wright,Yan Li,Drew Emerson
Ming Ho,Kai Zhang,Kendall Reese,Morgan Ibarra
Jesse Tyler,Kyo Chou,Milan Ward,Quinn Casey
Jaime Mendoza,Riley Harrison,Nuo Zhang,Rowan Skyler
Reese Nelson,Sky Diaz,An Dang,Quinn Simmons
Pat Morgan,Harley Jordan,Kyo Chou,Quinn Morales
Casey Quinn,Peyton Morgan,Lan Xing,Sam Rosario
Ariel Morgan,Toby Estrada,Rory Burke,Kai Zhang
Jessie Soto,Jamie Ellis,Huan Zheng,Frankie Cohen
Devin Long,Cameron Ruiz,Kai Zhang,Stevie Richards
Ariel Rojas,Kei Wong,Sawyer Stone,Dakota Cuenca
Rin Tanaka,Tien Ding,Stevie Richards,Charlie Vega
Quinn Morales,Song Liu,Pat Morgan,Phoenix Adams
Terry Marshall,Tien Ding,Morgan López,Marley Hamilton
Shan Gao,Riley Harrison,Robin Navarro,Yan Li
Jordan Avery,Shawn Kennedy,Yu Yan,Indiana Hodge
Tyler James,Jules Lane,Alex Finley,Briar Rosales
Charlie Dale,Kazumi Kato,Kendall Green,Riley Jordan
Justice Fletcher,Adrian Fernandez,Peyton Ross,Song Liu
Sage Watson,Robin Navarro,Skyler Walker,Hiro Lee
August Ortiz,Jules Lane,Taylor Martínez,Jordan Avery
Dylan Brooks,Ryoji Nishimura,Micah Solís,Peyton Morgan
Rory Burke,Sai Cheung,Ariel Morgan,Jamie Williams
Toby Estrada,Jordan Thompson,Ariel Morgan,Hiro Lee
Ryoji Nishimura,Dylan Brooks,Alex Finley,August Ortiz
Angel Reyes,Lin Ouyang,Sawyer Hayden,Stevie Richards
Rowan Dakota,Riley Harrison,Avery Medina,Reese Kennedy
Charlie King,Kennedy Gardner,Devon Jesse,Dakota Cuenca
Rowan Skyler,Skyler Walker,Jaime Mendoza,Tien Ding
Ai Nguyen,Dominique Salazar,Kendall Green,Liang Xu
Harley Jordan,Angel Douglas,Minh Quang,Pat Morgan
Robin Moore,Dakota Murphy,Taylor Martínez,Skye Morgan
Kai Castillo,Charlie Vega,Skyler Jamie,Lan Xing
Emerson Guerrero,Yan Li,Devon Jesse,Shannon Lee
Morgan Quinn,Sky Park,Jordan Sánchez,Dakota Jamie
Drew Gutiérrez,Jordan Casey,Yu Yan,Indiana Hodge
Taylor Carter,Paris Payne,Hayden Riley,Avery Medina
Carmen Rivera,Presley Fisher,Jamie Austin,Blair Méndez
